,X,Y,class,ID,X_utm,Y_utm,B1,B2,B3,B4,B5,B6,B7,NDVI,NDWI,NDBI
0,75.7591352470284,26.9226934874396,1.0,1,575370.4921035261,2978098.9710664004,8133,8455,9362,9095,15685,12869,10335,0.26594027441484963,2.364075537988572,2.1965398893324855
1,75.7539912069542,26.9391544156771,4.0,2,574848.8824754998,2979919.192369606,9272,10119,11657,12150,14504,14692,14080,0.08831695055151165,2.3962769007300855,0.006439238251815295
2,75.7859699894156,26.9479850178045,4.0,3,578017.4594109111,2980916.6390965143,9590,10419,11727,12526,14165,14986,14029,0.06140646659922798,2.4369689479375776,0.028163699358512477
3,75.7805687473377,26.9521859838651,4.0,4,577478.4248655158,2981378.635184518,9411,10435,11441,12021,14159,14605,13266,0.081665393430099,2.4538281249999905,0.015505492977332724
4,75.8242907465778,26.9329321036349,2.0,5,581832.2997724467,2979273.5280396757,7293,7714,8902,8389,8426,8108,8002,0.002200416294974712,0.027469990766389504,3.944478045240088
5,75.8261635319702,26.9334758155231,2.0,6,582017.8367197503,2979334.9653314976,7021,7619,8986,8529,10189,9059,8706,0.08868468853509943,3.3550456323337507,3.3461138819617453
6,75.8275409354201,26.93224340191,4.0,7,582155.4779495583,2979199.3509801663,9105,9993,10838,11606,13208,13827,12878,0.0645603288466186,2.626881809864416,0.02289624560754569
7,75.8466938995474,26.9599407769495,2.0,8,584036.4552296312,2982279.849849759,7306,7608,8274,8161,8315,7989,7790,0.009346928866229611,3.9480981373198873,3.9996319921491414
8,75.8543916489155,26.9573515339803,2.0,9,584802.4482515865,2981998.192711276,7650,7870,8314,8167,8263,7935,7735,0.005842970176506356,0.0030765518489473185,4.025682182985529
9,75.8545665977647,26.9521030685021,2.0,10,584823.744193054,2981416.959660671,7725,7892,8367,8170,8264,8010,7817,0.005719849093343035,0.006193253562623979,4.011429273688067
10,75.8443145951973,26.953817567225,2.0,11,583804.8243457709,2981600.02840788,7328,7629,8272,8122,8186,7960,7805,0.00392445425558006,0.00522542228703363,4.044964697138585
11,75.8495280709057,26.9563368306545,2.0,12,584320.4493824439,2981882.5439735856,7509,7760,8312,8136,8172,7851,7690,0.0022075055187637835,0.008493084202863332,4.070086750296423
12,75.8050774004187,26.9021732304114,3.0,13,579946.4735808285,2975854.253885406,9026,9071,10052,9589,20044,15671,11902,0.3528161171666711,1.8455608718766554,1.712529749405007
13,75.8076510062699,26.9057119384569,3.0,14,580199.5497233024,2976247.843771131,8615,8892,10193,9827,19972,15638,11990,0.34044766602906024,1.8484004641140335,1.7186745296265045
14,75.8082244727911,26.9054741596554,3.0,15,580256.6651878546,2976221.8697877,8380,8610,9637,9302,17076,14427,11264,0.29471529304723526,2.174858683038213,1.9962225819763135
15,75.8113995191402,26.8997674684201,3.0,16,580576.0103144805,2975591.788985176,8081,8256,8904,8675,15108,11736,9776,0.2704873228776846,2.4709312010661235,2.315750260765898
16,75.8106302347825,26.9045090574612,3.0,17,580496.2511811216,2976116.4982785713,8571,8732,9562,9473,15104,13166,11207,0.22911665378199036,2.4322549258087958,2.2496639547223127
17,75.8107701046657,26.9029704887458,4.0,18,580511.2321988983,2975946.168756387,9729,9947,10996,12520,14888,14315,12666,0.08639813193228224,2.381548446917005,2.224531726192507
18,75.8038605324347,26.9024809441545,4.0,19,579825.4140293121,2975887.569775187,8668,9171,10588,11569,15169,16064,14085,0.13463983843219338,2.3665411344488785,0.02865558864022019
19,75.8021121588945,26.9039076169634,4.0,20,579650.7882167731,2976044.492873093,9451,9939,10847,11626,13383,13934,12882,0.07025470830500992,2.60008254230292,0.020170589742651023
20,75.8063362293677,26.905544094597,4.0,21,580069.1059690055,2976228.4204594404,10497,11070,12968,13820,17316,18274,17237,0.11228160328879717,2.020472856954161,0.026917673503793125
21,75.8057907368231,26.9058657953284,4.0,22,580014.7097013193,2976263.708513015,9602,10122,11266,11923,13917,16169,15633,0.0771671826625384,2.4971210737402116,0.07485209067340266
22,75.801133069712,26.8986904703193,5.0,23,579557.2157073566,2975466.004798262,7975,8690,9666,10033,13517,12244,11084,0.14794055201698453,2.660785920717756,2.494584837545117
23,75.8034968707383,26.9036838251502,5.0,24,579788.4545798484,2976020.576649396,8580,8756,9840,9816,14497,12554,11138,0.19253074486899935,2.5014997740066462,2.3508557909134513
24,75.8049934784888,26.9076701168219,5.0,25,579934.2683800401,2976463.059162655,9117,9634,10572,10628,15203,14044,12219,0.17711277147613266,2.362948593598439,2.2011488357780213
25,75.8086804141524,26.8948850940452,5.0,26,580309.4322369525,2975049.2695909617,8397,8921,9760,10065,11455,11226,10833,0.0645910780669142,3.0092387461701486,2.8793703981305816
26,75.8078228651815,26.8952469954457,5.0,27,580224.010667896,2975088.811775826,8484,8772,9445,9447,11798,12673,10871,0.11066133207813553,2.974297415619249,0.03575660986473771
27,75.8101909591285,26.8967811426871,5.0,28,580458.1057484159,2975260.242567691,8483,8927,9487,9760,11960,11173,10360,0.10128913443830526,2.940411246328144,2.798988458046934
28,75.8081532968951,26.8980950021195,4.0,29,580254.8137636073,2975404.4781156727,12335,13228,14723,15768,17547,16500,14548,0.05339936965330916,1.9433529594050143,1.8941169559726203
29,75.8060290930224,26.8960888095731,5.0,30,580045.2726829677,2975180.9195397147,8753,8997,10215,10272,13901,13004,11987,0.15012617383030594,2.564687344501565,2.402490243449164
30,75.8108975488682,26.8726376076077,1.0,31,580545.3941468655,2972586.4573584814,8067,8322,9096,8923,15618,12098,9985,0.27280876899881723,2.3878773165007594,2.237552316351558
31,75.8125434546384,26.875142773008,1.0,32,580707.1074301867,2972864.98615482,8076,8320,9045,8747,15171,11791,9625,0.26858432979345986,2.453336636934248,2.3053185965432745
32,75.81432248514,26.8708222703612,1.0,33,580886.8939977901,2972387.564743502,8061,8350,9083,8819,15540,11767,9638,0.2759144464058448,2.3993420785444406,2.261801003405712
33,75.781928214484,26.8421342239693,3.0,34,577688.6317472071,2969189.7268581055,8551,8915,10084,10077,17147,13776,11715,0.2596973258889206,2.147295361903705,2.0103159460595608
34,75.7818963777537,26.8437260604854,3.0,35,577684.3819377698,2969366.0237704106,8507,8764,10075,10182,17420,14184,11759,0.2622273748279101,2.1164211674849898,1.9712694595620746
35,75.7810473982785,26.8429513667142,3.0,36,577600.5576963796,2969279.6969054025,8782,9123,10543,10636,19030,15836,13118,0.2829501786556992,1.929090724647476,1.7880456605288768
36,75.7794237250321,26.8457423867391,2.0,37,577437.3333969783,2969587.8462361,8529,9071,10390,10726,12243,11878,11348,0.06604553964038458,2.813723324349389,2.7018365739397097
37,75.7799861739344,26.8412746322507,2.0,38,577496.2580842806,2969093.3283950016,8558,8825,9312,9472,10261,9947,9410,0.03998378350985639,3.299800745925493,3.2275336500395726
38,75.778458010879,26.8443203461181,1.0,39,577342.3506574081,2969429.7478369386,8075,8344,9318,8941,16327,12482,10125,0.29230647459236864,2.2821992591148286,2.1413794300392164
39,75.7777257660816,26.845933407121,4.0,40,577268.5018304783,2969607.9688942996,8798,9345,10869,11215,14124,13861,12476,0.1148032676901215,2.491937742567909,2.332428086474889
40,75.7777045415947,26.8465807539709,4.0,41,577265.9535170553,2969679.6579627236,8603,9174,10261,10443,14065,13803,12166,0.14778847723192368,2.537696292033205,2.3422563513707395
41,75.7759429091836,26.845933407121,4.0,42,577091.3652149149,2969606.8842477123,9126,9872,11136,11826,13560,14306,13520,0.0683053651619,2.5555555555555456,0.026770975382186084
42,75.7765478070597,26.8447236113688,4.0,43,577152.2853273599,2969473.2515622317,11197,11664,11476,12654,15581,17204,16143,0.10366566318399113,2.2704290941345966,0.04950434649992359
43,75.7772376028834,26.8423995300553,4.0,44,577222.3979966234,2969216.249430593,10065,10810,12466,13268,15001,15664,14875,0.061303901800558704,2.2936978920158655,0.021620740257622627
44,75.7749135215699,26.8423783055685,4.0,45,576991.494976236,2969212.4861430232,9014,10175,11447,12162,13929,14926,13592,0.06772450270208093,2.484788776796964,0.034552070698319066
45,75.7748604603527,26.84352442786,4.0,46,576985.4476162902,2969339.401631925,8731,9475,10525,10943,12468,13374,12613,0.06514031865362409,2.765754794937578,0.03505920594381227
46,75.7841143366328,26.8435881013207,3.0,47,577904.8472275215,2969352.1030052756,8728,8941,10133,9911,19946,14883,11931,0.3361020866128535,1.8525549386615185,1.7362829825719894
47,75.7841355611196,26.8415823873104,3.0,48,577908.3289976951,2969129.9573068023,8306,8439,9539,8928,20182,11901,9832,0.38660254208175754,1.8469432387873832,1.7845899697659142
48,75.7832441326706,26.8452966725146,4.0,49,577817.2175231563,2969540.8153121974,8319,9047,10322,10882,13011,14549,12896,0.08910559578119077,2.693481335447638,0.055805515239477306
49,75.7845812753441,26.8454876928965,4.0,50,577949.9400169362,2969562.7941817804,8840,9316,10179,10396,13703,14251,12106,0.13722561102120365,2.5965999497529415,0.01960363454246255
50,75.7842735202844,26.8444264685525,4.0,51,577920.08932924,2969445.0607794933,10039,10448,11688,12286,14958,16203,15045,0.09807664072823338,2.336786009157088,0.039953788389332695
51,75.782649847038,26.8455619786006,4.0,52,577757.9903215455,2969569.837004674,9886,10426,12092,12590,15892,14906,12781,0.11593286988273255,2.206117781589472,2.095915319176563
52,75.7818008675627,26.8459440193644,3.0,53,577673.3784473842,2969611.632879429,8378,8603,9568,9528,14598,12567,10906,0.21014672966923564,2.5037656211205723,2.3377507822565717
53,75.78549392828,26.8442778971443,3.0,54,578041.4471874015,2969429.354702413,8331,8568,9379,9191,15019,12027,10146,0.24072697232548437,2.4549553242068924,2.312504621755519
54,75.785589438471,26.8465383049971,3.0,55,578049.3864788484,2969679.782971314,8524,8944,10173,10566,15995,15083,12800,0.2043974247957524,2.2819474166921343,2.079413089645402
55,75.7849723044085,26.8405782227425,3.0,56,577992.1553753605,2969019.2471781154,8054,8264,9278,9047,18478,11831,10122,0.34263396911898153,2.0296872748234542,1.9429542380151048
56,75.782994731875,26.8404460013231,3.0,57,577795.7536167669,2969003.387940293,8100,8315,9437,8719,21804,13142,10207,0.42869311666611926,1.7018981466662346,1.6274824014193279
57,75.7840754982596,26.8405897202572,3.0,58,577903.0406037032,2969019.969754966,8275,8510,9737,9456,19072,12933,10787,0.33707234997195623,1.9508139817418102,1.855866270895167
58,75.7852022547031,26.8415900040387,3.0,59,578014.3098080617,2969131.456381261,8504,8774,10049,9796,19882,14700,11998,0.33984769863198216,1.8610470749390202,1.7452431900988903
59,75.7844894087898,26.8390490532834,5.0,60,577945.2218561781,2968849.57523913,8860,9241,10468,11018,14520,13493,12419,0.13712898425875114,2.4605410597086506,2.302823689001527
60,75.7860588195504,26.8385776551795,5.0,61,578101.4844793197,2968798.3268198417,9054,9214,10105,10311,13951,12197,11353,0.15002885170224983,2.564432989690711,2.439268777726777
61,75.7825980676168,26.8388995855919,5.0,62,577757.397285191,2968831.8593930155,8868,9331,10567,10941,13629,12854,11839,0.10940170940170896,2.581997024301527,2.445380055129697
62,75.7825635750726,26.8389915657098,5.0,63,577753.9072187889,2968842.026235748,8874,9449,10631,11049,13852,13704,12577,0.11256576041122802,2.5452354695094455,2.372913340107409
63,75.786587705228,26.8422166185914,4.0,64,578151.5370885348,2969201.7146660336,9087,9655,10349,10676,14562,15419,14031,0.15397416594024824,2.461683593593182,0.028584770354557792
64,75.7868578968241,26.8420556533852,4.0,65,578178.4935859325,2969184.0521396543,9076,9494,10721,11442,15094,15620,14419,0.13762435936086775,2.369281425527785,0.01712574070456464
65,75.7846201605557,26.8385029735688,5.0,66,577958.5875470635,2968789.170208372,9693,10201,11316,11827,14032,16010,13928,0.08527011872075455,2.4783020356635537,0.06584115571533165
66,75.7817811003799,26.8377347572859,5.0,67,577677.0168666648,2968702.3393738857,8271,8870,10967,11270,15064,13859,12672,0.14407230196703827,2.360224347892888,2.2242160218511144
67,75.7823238618841,26.8378600099407,5.0,68,577730.8615997026,2968716.5450616674,8649,9367,10656,11120,14781,13611,12311,0.14134589398092684,2.414239100522851,2.267047055508586
68,75.7827664212645,26.8384403472414,5.0,69,577774.4389588748,2968781.0960267703,8857,9481,10812,11106,14916,14244,12997,0.14641457228498908,2.387748756218896,2.2244170096021874
69,75.7811569246501,26.8369394029278,3.0,70,577615.5393444219,2968613.86178899,8950,9350,10579,11103,16101,14790,13057,0.18372298191442368,2.2494002998500666,2.07908452300022
70,75.7804675131625,26.835191606507,2.0,71,577548.2276160755,2968419.849566009,8583,9120,9930,10135,11998,10917,10331,0.08417295441196367,2.894381612550151,2.812786384464313
71,75.7804925636934,26.8362270284535,2.0,72,577550.0114525377,2968534.551058155,8278,8816,9498,9744,12245,10321,9833,0.11373868752558046,2.8877799751644075,2.8189311353363347
72,75.7805677152863,26.8371455479222,2.0,73,577556.8530590521,2968636.334744031,9166,9729,10578,11070,12595,12984,12465,0.0644411578280158,2.741077978682075,0.015207787638296982
73,75.7804508128085,26.8377217101343,2.0,74,577544.8447814789,2968700.0806303723,8612,9161,10347,10876,12005,10855,10662,0.04934224902757725,2.8578203292770095,2.816535433070854
74,75.7800166036051,26.8385984787181,2.0,75,577501.1036580071,2968796.9286959055,9991,10313,11780,12253,13159,11742,11001,0.03565244766252151,2.572557039175578,2.5749568290430003
75,75.7798412498884,26.8390076373905,2.0,76,577483.4016659688,2968842.1411661026,8831,9244,10468,10848,13868,12965,12139,0.12218805631979236,2.5532544378698123,2.4087131517161615
76,75.7797410477645,26.839349994647,5.0,77,577473.2124151232,2968880.0004306408,9157,9521,10329,10812,11904,11968,11436,0.048071843634442474,2.8768497278819645,0.002680965147453072
77,75.7800166036051,26.8393833953549,5.0,78,577500.5692548393,2968883.868256735,8948,9316,10000,10385,12397,11546,10891,0.08831533666929994,2.819082912890107,2.7016246919767672
78,75.7801078613409,26.83750650978,5.0,79,577510.9147231018,2968676.034917258,9412,9959,11396,11766,18031,15667,13473,0.2102560660469168,2.001597172664553,1.8746513146180726
79,75.7797890743041,26.8366680032711,5.0,80,577479.8098073691,2968582.964942196,9718,10285,11933,12874,16216,16021,14482,0.11488484015125434,2.176027567586763,2.026894562149077
80,75.7776495999277,26.8364770921494,5.0,81,577267.3534984731,2968560.5146544995,9137,9964,11495,12270,13939,14637,13772,0.06368041512457528,2.480616497601626,0.024426091825307868
81,75.7779740751679,26.8358556395707,5.0,82,577300.0165382195,2968491.8784798044,8317,9294,10862,11310,13721,14349,13515,0.09632056250249653,2.5496074523044276,0.022372639828998852
82,75.777446115455,26.8371535405315,5.0,83,577246.6755165487,2968635.3160397476,8966,9829,11335,11974,14407,14582,13296,0.0922254652969937,2.4265402843601804,0.006036772568905426
83,75.7772591297234,26.8377254968871,,84,577227.7080099583,2968698.5536783873,9400,10257,11682,12484,14612,14906,13924,0.07853557720696754,2.38099946755913,0.009960024391896437
84,75.77720413392,26.838077470029,5.0,85,577222.0047163096,2968737.5057179155,9063,9751,11374,11943,14290,14359,13637,0.08946746464376897,2.4399937655860255,0.002408461028308135
85,75.7773196251072,26.8377694935298,5.0,86,577233.6891423977,2968703.4636845295,9400,10257,11682,12484,14612,14906,13924,0.07853557720696754,2.38099946755913,0.009960024391896437
86,75.7780015730696,26.8369995522819,4.0,87,577301.9721071214,2968618.598117704,8558,9251,10734,11382,13261,13496,12350,0.07624883334009627,2.625922067097301,0.008782748439660617
87,75.7775011112585,26.8352836832151,4.0,88,577253.4089200238,2968428.2390479343,10156,10887,12897,13180,13815,14157,13016,0.02352287460640851,2.4190625935908865,0.012226512226512184
88,75.7811830802976,26.8331684071259,2.0,89,577620.7091956206,2968196.191909277,7959,8202,9043,8845,13767,10844,9820,0.21767203254908804,2.666023673827257,2.5441062939335968
89,75.782940196217,26.830149137518,2.0,90,577797.3708399113,2967862.8451970844,9118,9588,10682,11190,12245,11641,11333,0.0450181352677617,2.7902909233654523,2.718412459181099
90,75.7675221227274,26.8287632432717,3.0,91,576266.2166675777,2967699.9833297096,8031,8252,9224,8650,21656,12096,9741,0.42915594271761226,1.7196891191709789,1.6584498696373497
91,75.7670271604966,26.8258677142215,3.0,92,576218.9698740209,2967378.9702583053,7779,8022,9098,8544,20963,12105,9816,0.42088318026230925,1.7854030138717882,1.7139833071247075
92,75.7657402586965,26.8271051197985,3.0,93,576090.2600693335,2967515.2562599243,9003,9473,10498,10571,18805,14336,12379,0.28029684095860474,1.953008224413876,1.8426420445973208
93,75.6944738207457,26.8046975829446,2.0,94,569021.9937644425,2964992.6427226136,6904,7475,8342,8222,8961,8054,7856,0.04300762381423475,3.751777148471342,3.798354393182464
94,75.6908543451517,26.8015643055647,2.0,95,568664.1398279291,2964643.6367464387,7170,7475,8148,7965,8398,7914,7747,0.02646214019434073,3.9457270639429236,3.9879843060323443
95,75.6801579844409,26.8093434769907,2.0,96,567596.3836657666,2965499.5284140813,8015,8428,9419,9559,13006,12714,11151,0.15275869709727388,2.7624972129319834,2.5367029548989017
96,75.6857762749152,26.7998356008034,2.0,97,568160.4484126417,2964449.4298472535,9229,9827,11315,11844,14144,15293,14513,0.0885023857164842,2.4630582505204353,0.03903251010632864
97,75.6841556142015,26.8061021555632,2.0,98,567995.6262432701,2965142.65031835,7357,7872,9285,8987,11977,10123,9029,0.14262545315779365,2.955695607186516,2.8815384615384487
98,75.6864245392007,26.8029688781833,2.0,99,568223.0075192269,2964796.82216522,8065,8378,9443,9335,14287,12503,10771,0.20963508593683766,2.5576064053940053,2.3796939156401553
99,75.6937715344364,26.8004298430651,2.0,100,568954.7743215015,2964519.5624318947,7214,7633,8516,8243,8747,8014,7829,0.02966450853443185,3.7829461854833824,3.8662967603364726
100,75.6827510415829,26.803833230564,2.0,101,567857.3776739886,2964890.59128333,7935,8297,9158,9344,11697,11626,10274,0.11182928568033787,3.0207144569647424,2.806885906615775
101,75.9257638405039,26.9202737319743,2.0,102,591916.896411055,2977941.097123109,7231,7545,8162,7964,8128,7930,7773,0.010191399453144356,0.002087170042971135,4.068875326939818
102,75.9344315276227,26.9279826041463,2.0,103,592771.2292615643,2978801.3098405316,7278,7542,8044,7923,8067,7911,7776,0.009005628517823584,4.066352181739159,4.091876329953661
103,75.9338178860568,26.9143290793043,2.0,104,592721.4641841768,2977288.504038017,7386,7664,8181,8067,8261,7901,7732,0.011881430671239515,3.981024206300913,4.032669224105902
104,75.9392256023566,26.9320096269228,2.0,105,593243.9027551645,2979250.895704253,7477,7669,8145,7978,8108,7864,7712,0.008081561606365733,0.002276502799483158,4.087903831705459
105,75.9333576548823,26.9223447722593,2.0,106,592669.2155670571,2978176.0383988526,7443,7658,8171,8039,8123,7895,7757,0.005197376562306613,0.002945869645268179,4.077163191409639
106,75.9348534061993,26.9345025457844,2.0,107,592807.7784899165,2979523.812871133,7583,7839,8362,8217,8433,8160,7936,0.012972972972972896,3.897886275677262,3.9331645874766235
107,75.9302894470526,26.9148660156745,2.0,108,592370.6598300014,2977345.398437126,7285,7520,8071,7901,8032,7882,7752,0.00822192932906541,0.002421908961063141,4.108709312554957
108,75.9211615287593,26.9243391073486,2.0,109,591456.6420324092,2978388.0695295436,7566,7845,8392,8193,8474,8164,7931,0.016859662806743766,3.8808253290643675,3.9203029210241382
109,75.9407213536735,26.9132935591618,2.0,110,593407.8183500576,2977178.8793123034,7451,7728,8237,8138,8329,7992,7790,0.011598955486730969,3.950501026198214,3.9947919857851604
110,75.9458222491904,26.9276374307655,3.0,111,593902.4571821487,2978771.4806175213,7654,7945,9063,8452,20437,11896,9415,0.4148637889854256,1.8359999999999939,1.7627501314446488
111,75.9463975381584,26.9219228936827,3.0,112,593964.3105736886,2978138.9256924316,9521,10302,12353,14406,18014,19110,17194,0.1112893275755703,1.971712714459769,0.02952268074560923
112,75.9468961219307,26.9162467091978,3.0,113,594018.5204388212,2977510.5626088167,7568,7921,9158,8732,18418,12136,9780,0.35675874769797294,2.0407600812300477,1.9393205472278527
113,75.9442497926777,26.9094199467768,3.0,114,593761.390139733,2976752.420863271,7610,7893,8946,8461,18256,11663,9454,0.3666205037990779,2.0669803690905004,1.9700858985928609
114,75.9220436385104,26.9173972871339,3.0,115,591549.8288874876,2977619.786521632,7881,8281,9801,9289,18572,11713,9817,0.33318976346864676,2.0006696507242734,1.9374938088162394
115,75.9219285807168,26.9263334424379,3.0,116,591531.1922244313,2978609.5298618996,8959,9608,11127,12148,17043,18819,16172,0.16768867116576971,2.1164359247426265,0.04952317215994632
116,75.9172495637765,26.9315877483462,3.0,117,591062.4049899182,2979188.154201599,7757,8087,9261,8718,19346,12380,9959,0.37870581527936015,1.9383717271996297,1.8461199016579404
117,75.9034572788007,26.8930645399759,1.0,118,589723.5283018737,2974911.237091326,7877,8211,9019,8946,13611,12311,10385,0.20680941614576318,2.6930623066725468,2.4780495332150205
118,75.9039733112615,26.8954777506014,1.0,119,589772.8708590405,2975178.90382932,7903,8255,9080,9013,13869,12282,10318,0.21221921160737606,2.6470434441587756,2.445374937860876
119,75.9088604422137,26.8927761688949,1.0,120,590260.379457123,2974883.134620683,7949,8329,9246,9338,14016,13237,11046,0.20030829836430505,2.6122431433238646,2.376142076101705
120,75.90031555176,26.892685104343,1.0,121,589411.8027030899,2974866.9868486477,7779,8196,8969,8883,13976,12014,10045,0.22280064744739395,2.6380039224231746,2.4460946517891404
121,75.9009681810487,26.888572022082,1.0,122,589479.8600528215,2974411.859590258,7802,8165,8952,8844,13510,11962,10105,0.20873221794757,2.7147181907220967,2.512091708542704
122,75.906963264049,26.8902870711429,1.0,123,590073.9324469258,2974606.077205299,7910,8258,9077,8848,14543,11930,9860,0.24346971057244138,2.543183742591014,2.37687455142975
123,75.9041250855147,26.890818281029,1.0,124,589791.6283380258,2974662.901894161,7810,8159,8978,8803,14084,11899,9923,0.2307423428146973,2.6203278119850726,2.438171111880836
124,75.9059767314034,26.8938082338165,1.0,125,589973.1616035,2974995.400240904,7657,8097,9051,8919,14340,12267,10152,0.23307106926350993,2.5756487537941837,2.3851993836208427
125,75.9016966974639,26.8965705252242,1.0,126,589545.9092327887,2975298.3340059808,8242,8599,9663,10233,14351,13427,12071,0.1675073218353394,2.5338552511035126,2.3260133918928565
126,75.9020457782462,26.8956598797052,4.0,127,589581.2959808991,2975197.7125717904,8876,9645,10949,11640,14147,14964,13614,0.09721952922014931,2.4839815109977588,0.028064992614475533
127,75.9020457782462,26.8950224278419,4.0,128,589581.7988805933,2975127.104755603,8378,9195,10647,11176,12891,13687,12855,0.07125940083932326,2.6889285410824937,0.029949582361351382
128,75.901894003993,26.8971169125357,4.0,129,589565.0733523585,2975358.994534546,9269,10111,11153,11760,13612,14285,13128,0.07299385148983102,2.5470220068645166,0.024124457827006403
129,75.8989344060561,26.8977240095484,4.0,130,589270.6706054686,2975424.150253322,8453,9033,10150,10492,13679,14047,12935,0.13185221960200186,2.6021654286793297,0.01327274038808334
130,75.9064320541629,26.8946429922089,4.0,131,590017.7205217505,2975088.186458857,8979,9565,10624,11102,12831,13482,12725,0.07224334600760426,2.7000213174163177,0.024740622505985542
131,75.9083140549022,26.8972990416395,4.0,132,590202.5211978193,2975383.725112012,7869,8848,10661,11409,13886,14830,13779,0.09792449100612731,2.538436468814916,0.032873659284022735
132,75.9040643758134,26.8890728771175,4.0,133,589786.9785730278,2974469.528012879,9894,10516,12097,12939,14889,15662,14050,0.07007330746011187,2.3250574371896455,0.025301954109521702
133,75.9061285056566,26.888283651001,4.0,134,589992.6127021788,2974383.5736191035,8683,9548,11007,11664,13592,14226,13010,0.07633829585049068,2.5590877677954285,0.02279099863397792
134,75.8966085151583,26.8888932036418,4.0,135,589046.6059534196,2974444.363256903,9561,10163,11254,11471,14512,14812,13769,0.11703806334911245,2.417061243499176,0.01023052789523936
135,75.8986436653117,26.887766602664,4.0,136,589249.6218204116,2974321.006965542,9067,9683,10790,11303,14072,13696,12610,0.10912315270935918,2.50398198053253,2.346585998271383
136,75.8968992508945,26.8864219498841,4.0,137,589077.4197388667,2974170.8379830853,8851,9787,10831,11626,14722,15425,13833,0.11750417488993428,2.41243689586349,0.023319069890868002
137,75.891811375511,26.888402587087,4.0,138,588570.5380130336,2974386.6566414037,8837,9606,10842,11933,13916,14035,12869,0.07671476652868554,2.522901688343152,0.004257450538442259
138,75.8974080384329,26.8958345193436,4.0,139,589120.5669775415,2975213.784505852,8521,9423,10738,11606,13935,14625,13138,0.09118671939234921,2.5266080330725793,0.024159663865546136
139,75.8964994892572,26.8943263277121,3.0,140,589031.518130283,2975046.0896775858,9126,9355,9900,10542,13643,16400,14008,0.12821997105643942,2.624686743405672,0.09176846519987987
140,75.8915206397748,26.8955619545909,3.0,141,588536.080501473,2975179.4641796495,10057,10773,12681,14343,16043,18118,17420,0.0559468176133744,2.164531402311648,0.06074178156377137
141,75.8908119714178,26.8918550739544,3.0,142,588468.5877795771,2974768.374471796,8534,8864,9626,10132,13648,15488,13235,0.14785534062237113,2.643035146515414,0.0631521142229542
142,75.8733940518019,26.8936784623032,1.0,143,586737.3008719803,2974958.2952226433,7946,8246,9124,8919,14578,11911,9978,0.24083925607524265,2.5348915703316073,2.3734002793612357
143,75.8746487189614,26.8917357518626,1.0,144,586863.3943427457,2974743.970407484,7809,8098,9090,8672,16007,11849,9697,0.29721625673649543,2.33569749372434,2.2034032165422093
144,75.874770138364,26.8933647955133,1.0,145,586874.2071476303,2974924.495018165,7792,8173,9068,8881,15010,12106,10072,0.2565401197103501,2.4750394551042345,2.3097802035698396
145,75.8723619868803,26.8920696552196,1.0,146,586636.0284931592,2974779.3890576647,7832,8174,9113,8824,15463,11824,9817,0.2733561164408932,2.4082845052083237,2.2683695532671155
146,75.8763384723134,26.8910780634322,4.0,147,587031.7194546266,2974672.281376269,8950,9420,10217,10553,12699,14143,13123,0.0922931360743158,2.7515273171583057,0.05379628939721313
147,75.8737178368753,26.890926289179,5.0,148,586771.5604718253,2974653.6720829215,9255,9916,10975,11784,13388,13720,13075,0.06372159542348617,2.5909370767146798,0.012247307068024155
148,75.8716537070321,26.8914929130575,5.0,149,586566.1241778509,2974715.0218597664,9596,10201,11296,11797,14047,14227,13201,0.08706082649744588,2.4774099356824273,0.00636627290089833
149,75.8753165256754,26.890592385822,5.0,150,586930.5940101859,2974617.783420575,8860,9640,10891,11693,14454,14604,13545,0.10559528817837571,2.445176563424729,0.005162089613875679
150,75.8771681715641,26.8900257619435,5.0,151,587114.9302742225,2974556.2933584154,9208,9759,11202,11812,14103,14487,13641,0.08840439899671972,2.475202529144428,0.013431269674711392
151,75.8739606756804,26.8902787190322,5.0,152,586796.1735310212,2974582.1102614864,8140,8758,9832,10069,14331,12950,11406,0.1746721311475403,2.5260522286139864,2.351636670210028
152,75.8728274279233,26.8899144608245,5.0,153,586683.8994513045,2974540.9871136565,8117,8957,10767,11705,14367,15101,14278,0.1021018717397971,2.4642317179915554,0.024908375186643055
153,75.8713299219587,26.890126944779,5.0,154,586535.0075646858,2974563.4989877404,9641,10566,12137,12544,14874,15295,14807,0.08498066963308745,2.324941690422412,0.013954721734230456
154,75.8705609324093,26.8911286548499,5.0,155,586457.8703049709,2974673.9283720995,8344,8870,10117,10942,15947,14992,12808,0.18613559448101386,2.2907458563535825,2.0873654610685475
155,75.8702978570371,26.8893883100802,5.0,156,586433.0667748897,2974480.979399678,9180,10134,11765,12948,14777,15793,15273,0.06596934174932348,2.3556627232310965,0.03323519790644412
156,75.8764093002982,26.8929803007386,5.0,157,587037.2960280918,2974883.0317680323,8914,9541,10972,11056,18166,16245,13669,0.24330983505577908,2.0022650833962454,1.8486821074656306
157,75.8698772382174,26.8903551510257,5.0,158,586390.5559657397,2974587.7846607203,9273,9948,11365,12007,14417,14674,14102,0.09120496518316648,2.423551314870831,0.008834347392664367
158,75.8691301084895,26.8909500876609,5.0,159,586315.900353286,2974653.1735035055,8979,9927,11335,12653,14646,15047,13870,0.07300633722846965,2.395019437281081,0.013504866466843993
159,75.8701539529314,26.8897463786548,5.0,160,586418.5019346178,2974520.5427041305,9333,10013,11660,12345,14844,14881,14074,0.09191217036301412,2.3525505584062696,0.0012447434819175738
160,75.8705794018042,26.89034131529,5.0,161,586460.3040165956,2974586.731240411,8788,9566,11189,11986,15169,15271,13621,0.11721598232369687,2.3353820471962883,0.0033508541392903964
161,75.8658420835028,26.8934744971889,5.0,162,585987.430575302,2974930.553377436,8860,9473,10587,11053,13192,13291,12539,0.08822437616003263,2.6464948063417193,0.0037382471774345667
162,75.8652836343067,26.8938039194676,5.0,163,585931.7187755074,2974966.662826068,8700,9420,10593,11132,13807,13913,12673,0.10726171859336739,2.554180327868842,0.0038239538239538103
163,75.8649197011227,26.8938509797931,5.0,164,585895.5391718326,2974971.6285896813,8773,9535,10769,11655,13297,13816,13086,0.0658063481885217,2.618133466300995,0.019142108951425447
164,75.8657228640115,26.8932831185318,5.0,165,585975.735153,2974909.274375405,8860,9473,10587,11053,13192,13291,12539,0.08822437616003263,2.6464948063417193,0.0037382471774345667
165,75.8663346482432,26.892661922235,5.0,166,586036.965392322,2974840.8829802535,8043,8686,10115,10552,13761,13686,12701,0.13198700283798737,2.5921427374769537,2.3849965387838292
166,75.8667581911729,26.8922383793054,5.0,167,586079.3510060422,2974794.2570090424,8622,9439,10360,10760,14214,14146,12737,0.13830383598942847,2.5100512737039047,2.30846262341325
167,75.8640423058713,26.8945846626174,5.0,168,585807.8463442406,2975052.300233375,8888,9517,10985,11472,14476,14772,13686,0.1157700015415442,2.4368642237146916,0.010120350109409156
168,75.8648210366534,26.8933532945682,4.0,169,585886.11672357,2974916.435556454,8473,9351,10836,11407,13409,14783,13876,0.08067375886524791,2.5969478242936583,0.04873723041997713
169,75.8633901188412,26.8934798383203,4.0,170,585743.9090988456,2974929.482637554,8498,9134,10203,10719,12537,13593,12796,0.07817337461300276,2.7793315743183697,0.040413318025258174
170,75.8642029190951,26.8924382858991,4.0,171,585825.4196880868,2974814.665596988,9849,10654,12168,12727,14555,14704,13588,0.06700388534564891,2.363095460838969,0.005092450186267456
171,75.7578990874671,26.8934449510872,2.0,172,575267.1512399733,2974858.5645558937,8024,8542,9462,9682,10311,10823,10309,0.031461011353973736,3.271481312901415,0.024226365098892668
172,75.7591926271789,26.89475683888,2.0,173,575394.7464730593,2975004.642969049,10243,10634,11748,12124,14007,13371,12391,0.07206000535762094,2.4568821588041065,2.370516473080567
173,75.7570275536188,26.8912890515676,2.0,174,575182.0231795824,2974619.252467366,8486,8969,10202,10543,11532,12077,11633,0.04480181200452981,2.954173184871616,0.02308441695963394
174,75.7573853411986,26.892178933497,2.0,175,575216.9677000213,2974718.031103777,8186,8656,9462,9604,10006,10299,9953,0.02049974502804681,3.3384014793507126,0.014429943363703452
175,75.7565138073503,26.8944999657457,4.0,176,575128.8759824015,2974974.598964857,8247,9208,10882,11449,15164,15188,13474,0.13959343178145966,2.3517622667588025,0.0007907221929362125
176,75.7561376716894,26.8961604670778,4.0,177,575090.4228556346,2975158.2984949504,8646,9511,11011,11691,13646,14505,12954,0.07715988475352221,2.551040272539228,0.03051401371176857
177,75.7576055181708,26.8957751573765,4.0,178,575236.4519134391,2975116.4914812082,9285,9936,11660,12076,14028,14519,13642,0.07477781182960437,2.4590470258486357,0.017199705748414836
178,75.7537340730761,26.8911606150005,4.0,179,574855.0139902674,2974603.075828827,8647,9495,11139,11702,13592,14065,12696,0.0747212777733847,2.550766244793973,0.017102361065914534
179,75.7590274944497,26.8931605558314,4.0,180,575379.4062932786,2974827.7350712195,9575,10304,11897,12273,15387,15778,13581,0.11258134490238572,2.274080046913934,0.012546125461254573
180,75.7529818017543,26.8967843018324,5.0,181,574776.5985477827,2975225.5291745714,8735,9373,10261,10807,12330,12345,12016,0.06582530146518535,2.8093931211544296,0.0006079027355623076
181,75.7521836602301,26.8969219124401,5.0,182,574697.2440200282,2975240.3003522037,8981,9848,11481,12171,13706,14398,13794,0.059319086447424126,2.5136379878508657,0.024622829490463904
182,75.7524221852833,26.8965732989007,5.0,183,574721.1614918575,2975201.827493504,9117,9809,11008,11656,12791,13700,13462,0.04642696445371602,2.6788100340350325,0.03431354044769909
183,75.7521561381085,26.896362295969,5.0,184,574694.8789132761,2975178.2991777267,9450,10221,11441,12131,14050,14438,13989,0.07329742943355841,2.468596759640648,0.013619769727604559
184,75.7534221556988,26.8969402605211,5.0,185,574820.2276459738,2975243.0637577306,9053,9504,10623,10963,12124,12446,12115,0.05028804088881167,2.8150964962412504,0.013105413105413053
185,75.755174397436,26.8920871930919,3.0,186,574997.4488745487,2974706.558599693,8093,8536,9903,9782,18332,12799,10730,0.30411894429821335,2.022560651673448,1.9274356750505865
186,75.7549175243017,26.8929403788592,3.0,187,574971.3743280084,2974800.9081415846,8223,8599,9982,9790,18036,12034,10024,0.29634155106734605,2.051609679491748,1.9798470236115666
187,75.7559450168387,26.8933440366416,3.0,188,575073.1519908512,2974846.2272006464,8807,9108,10171,10815,15265,15319,13303,0.17062883435582757,2.376238402264498,0.0017656290871043627
188,75.7554037484487,26.8949678418117,3.0,189,575018.3238874845,2975025.7644497007,8451,8832,9876,9970,16009,13554,11647,0.23245698448746976,2.294881205331264,2.1337820924804585
189,75.7553211820841,26.8957384612144,3.0,190,575009.6149833909,2975111.0718796593,8432,8827,9792,10207,14762,14347,12305,0.18242620849853747,2.466644945833663,2.2371431516025897
190,75.7553028340031,26.8965090806172,3.0,191,575007.2837581583,2975196.4173556063,8645,9060,10492,11359,14253,15634,15033,0.11299390910510655,2.4964639321074866,0.046207381135610646
191,75.7548074358156,26.8970044788047,3.0,192,574957.7582407291,2975250.9959747097,8272,8692,9588,10238,13723,14658,12711,0.14544468093986002,2.6339925357127427,0.03294457559634956
192,75.7548991762207,26.896343947888,3.0,193,574967.3051313865,2975177.8876975123,8278,8615,9465,9759,13925,13377,11639,0.17589934132747773,2.611201368106017,2.380338436744552
193,75.7557248398665,26.8960595526322,4.0,194,575049.4906891474,2975146.8761658086,8696,9268,9989,10483,12300,12028,11061,0.07975244699995576,2.8366010139530586,2.682670174284764
194,75.7557064917855,26.894288962814,4.0,195,575048.8386983961,2974950.7489483855,9200,9765,10893,11300,13260,13948,12720,0.079804560260586,2.6153686912598744,0.025286680388121048
195,75.7504589406144,26.8950595822168,4.0,196,574527.1834309791,2975033.006526612,8702,9668,10139,9923,15463,16605,15221,0.21823052075947288,2.351847511913123,0.03561182487214658
196,75.7509084685993,26.8945641840293,4.0,197,574572.152365348,2974978.399241497,8694,9971,11493,12370,16026,16920,15700,0.12875052824341413,2.2167593299175037,0.027135312329265988
197,75.7509268166803,26.8925550691578,4.0,198,574575.2939115968,2974755.874077339,8934,9694,10599,10706,13440,13556,12646,0.1132278638283769,2.6080535795998063,0.004296932878945013
198,75.750110327075,26.898435629124,4.0,199,574490.3470354956,2975406.743272205,8627,9428,10987,11507,14196,14564,13212,0.10461813796054895,2.474963268871848,0.012795549374130693
199,75.7477525986643,26.8982062781113,4.0,200,574256.3528790363,2975379.9549021684,9439,10088,11721,12137,13186,13643,13144,0.04142479169134763,2.5724093628297164,0.01703380670170332
200,75.7524221852833,26.8979952751796,4.0,201,574720.2257249209,2975359.330232745,8883,9730,11189,11831,13801,14762,13427,0.07685705368289608,2.51796718687474,0.03364492525294951
201,75.7505231588979,26.8969953047641,4.0,202,574532.290509688,2975247.451179615,9571,10405,11490,12240,14506,14824,13261,0.08472294922605218,2.404985382366509,0.010842141152403647
202,75.7507616839512,26.8970549360275,5.0,203,574555.9393964123,2975254.196534289,9368,10042,11430,12132,14218,14738,13693,0.07916508538899401,2.446506550218331,0.01795828153059809
203,75.7489222888291,26.8975457471947,5.0,204,574372.9467804813,2975307.478788662,9091,10110,11904,12741,14397,14906,13549,0.06102144594295799,2.3969811033800905,0.017370235129508867
204,75.7490965955988,26.8971329153718,5.0,205,574390.5276584052,2975261.854587532,7869,8577,10557,11111,13551,13350,12675,0.0989376368502145,2.5942425750788014,2.428720121928544
205,75.7511791027943,26.8984310421038,5.0,206,574596.4893504687,2975406.8643365954,9035,9866,11487,12431,14183,14624,13931,0.0658300142781992,2.447993767043232,0.015308779116186985
206,75.7509956219842,26.8966742133463,5.0,207,574579.421952583,2975212.164203008,9738,10583,12250,12693,15445,14889,13329,0.09780368185372061,2.2509839321177028,2.142150721962148
207,75.750036934751,26.89764207462,5.0,208,574483.5790764091,2975318.8034318406,8719,9647,10788,11571,13862,14115,12841,0.09007981755986282,2.5339553752535395,0.009043142581406123
208,75.7495874067661,26.8964723844551,5.0,209,574439.7033252735,2975188.980464112,9120,9852,11262,11849,14318,14653,13650,0.0943554859173765,2.4425332290852135,0.011563287425356351
209,75.7485690882696,26.8984081070025,5.0,210,574337.3058323519,2975402.789156415,8437,9371,10776,11385,13671,14635,13730,0.09123563218390769,2.562318484885661,0.034056383805553474
210,75.7482755189733,26.8997291688358,5.0,211,574307.2870724396,2975548.9419372436,8242,9123,10575,11264,13576,14686,13838,0.09307568438003183,2.5893337749989542,0.03927535206284043
211,75.7489956811532,26.9000319121726,,212,574378.6066564561,2975582.8975795186,9184,9885,11321,12155,14084,14295,14000,0.07351652120888726,2.4708915567801517,0.007435075231685375
212,75.7489085277684,26.9000089770713,5.0,213,574369.9666679479,2975580.3060235395,9184,9885,11321,12155,14084,14295,14000,0.07351652120888726,2.4708915567801517,0.007435075231685375
213,75.749514014442,26.9001144785372,5.0,214,574430.027076294,2975592.3474654667,8889,9758,10425,11146,13330,13376,12093,0.08923026638339562,2.636539675857703,0.0017224593724256658
214,75.7497204303534,26.8992154225673,5.0,215,574451.1153466909,2975492.886438164,8732,9429,10873,11582,14674,14676,13670,0.11776355880560589,2.416526402317288,6.814310051107303e-05
215,75.7498396928801,26.8989080922103,5.0,216,574463.1606989398,2975458.9156518294,9071,9726,10971,11629,14794,13864,12523,0.1197820080990042,2.395226081894033,2.2543792309302737
216,75.7481654304872,26.8993530331749,5.0,217,574296.6005410419,2975507.2153366767,8704,9627,10791,11562,13355,13692,12978,0.07195890355981831,2.607968193489594,0.012459792213554139
217,75.7491287047406,26.8986970892785,4.0,218,574392.6915693405,2975435.126400181,8203,9147,10798,11486,13589,14966,13680,0.08386839481555301,2.572887193996791,0.0482227280686393
218,75.7502479376827,26.8992521187293,4.0,219,574503.4772518729,2975497.2612763927,10194,11089,12059,12834,14911,14787,13424,0.07486033519553047,2.3242120875046264,2.2025725638090035
219,75.7488351354443,26.8993989033775,4.0,220,574363.0778282342,2975512.689175622,8862,9804,11578,12320,14105,14494,13557,0.06754966887417194,2.4533348907837778,0.013601874191405247
220,75.7477204895225,26.898921853271,4.0,221,574252.6961599039,2975459.1954808254,8940,9744,10754,11296,12666,13695,12936,0.05717385860946475,2.716652433817239,0.03903493797655613
221,75.7478397520491,26.8973439183035,4.0,222,574265.572079309,2975284.4882729505,8445,9263,10458,10947,12634,13007,12384,0.07154064713116462,2.7438073791789246,0.014547014547014491
222,75.7481837785682,26.896288903645,5.0,223,574300.4277625892,2975167.8332728855,8570,9225,10969,11526,14069,14715,13701,0.09935534284039814,2.4936496525281475,0.022443023902167795
223,75.7483030410948,26.8961421189968,5.0,224,574312.3679160416,2975151.6449128613,9435,10421,12153,12793,14987,16273,14831,0.07897768178545689,2.3103168754605665,0.04113883557261663
224,75.7468351946134,26.8968760422375,5.0,225,574166.1149411293,2975232.0761184916,8364,9268,11209,11979,15063,15091,13828,0.1140448191701793,2.3478227771010873,0.0009285666909862675
225,75.7489314628697,26.8948531663053,5.0,226,574375.6214859791,2975009.2453053086,7914,9209,11476,12460,13999,15039,14549,0.058165463547374965,2.4735230618253095,0.035815138783662666
226,75.7484314776619,26.8944311604419,5.0,227,574326.2429958393,2974962.209078646,8602,9106,10141,10510,12814,12773,12086,0.09878237009089308,2.738531910259191,2.5596982842849787
227,75.7474269202262,26.8948990365079,5.0,228,574226.1718558872,2975013.443371116,8345,8987,10619,11112,14456,14724,13550,0.13078848560700826,2.460578265204377,0.00918437285812197
228,75.7472709615376,26.8951788447434,5.0,229,574210.5003822426,2975044.344420163,8760,9291,10514,10771,14859,14367,12988,0.1595005852516576,2.411658061719141,2.2255525901594395
229,75.7470783066869,26.8954632399992,5.0,230,574191.1816248619,2975075.7320635132,9081,9880,10813,11158,14428,14718,12982,0.1278042679590396,2.45319123648032,0.009949907362931415
230,75.7472159172945,26.8943807032191,4.0,231,574205.5553828753,2974955.907497803,10792,11505,13208,13874,14547,14569,13387,0.023679673480876736,2.3129886506935606,0.0007555982964692927
231,75.7465370382969,26.8941651132672,4.0,232,574138.274803764,2974931.6305031977,9233,10054,11678,12358,13896,15808,15334,0.05858154947817454,2.475873934464681,0.06436843522757857
232,75.7459315516233,26.8946192282723,4.0,233,574077.8459245898,2974981.5754124657,8956,9936,11477,12155,14403,15010,13277,0.08464492808193357,2.419242658423484,0.020637133240403834
233,75.7462251209196,26.8952522370675,4.0,234,574106.5879273982,2975051.861195283,9091,10023,11543,12413,15088,14808,13929,0.09726919021126469,2.327775900266598,2.1827669253411757
234,75.7496699731306,26.8946788595357,3.0,235,574449.0789548256,2974990.372439676,7699,8190,9177,9413,14051,12809,11046,0.19766450733037763,2.611589460995339,2.393670886075941
235,75.7488718316064,26.8940091545785,3.0,236,574370.2521123434,2974915.724873382,9057,9585,11008,11947,15994,16315,14710,0.14484091478472444,2.242426486926886,0.009935312142127551
236,75.748234235791,26.8936146708366,3.0,237,574307.1886311797,2974871.6563770445,8162,8493,9605,9883,14484,12728,11297,0.18882094636188212,2.5180372784258274,2.343818903424951
237,75.7486424805936,26.893009184163,3.0,238,574348.1292197013,2974804.830344424,7945,8463,9463,9459,15965,13424,11406,0.25589993706733694,2.3216139688532236,2.143489060532845
238,75.7501974804599,26.8938119127076,3.0,239,574502.0358027559,2974894.656840388,7724,8144,9144,9153,14918,13089,11060,0.2394998130530504,2.4836671930845213,2.274681329667575
239,75.7569892767285,26.9252346336232,1.0,240,575155.7388068464,2978379.1614340898,8062,8305,9109,8831,14371,11500,9600,0.2387725196103774,2.5670357751277577,2.4222101967453815
240,75.7564538893447,26.922332270437,1.0,241,575104.5043744957,2978057.366913641,8126,8346,9079,8927,13804,11661,9824,0.21455281333861154,2.657474981427249,2.4894168466522584
241,75.7568061178867,26.9183450433414,1.0,242,575142.1178714256,2977615.9360512425,8069,8296,9319,8859,15134,11864,9850,0.26153461426249214,2.44227702122438,2.306318986591591
242,75.7613709997911,26.9232621537879,1.0,243,575592.0968172137,2978163.292470823,7985,8266,9013,8842,14418,12327,10246,0.23972484952708412,2.5663010541590094,2.372219106375015
243,75.7577500903793,26.917175644582,1.0,244,575236.6222476539,2977486.970028887,7888,8206,9230,8800,15150,11916,9843,0.26513569937369413,2.4452830188679147,2.3018547254858412
244,75.7569751875868,26.9333077118061,1.0,245,575148.9892037174,2979273.3581228694,7867,8070,8862,8561,15700,12022,9836,0.2942582745970888,2.3897891051217233,2.231368588124947
245,75.7538192198504,26.9306166857451,3.0,246,574837.4449014427,2978973.4185862155,8733,9146,10480,10485,18942,16365,12813,0.2873891324294006,1.93984093535449,1.7831874699068122
246,75.7581727646297,26.9307293988785,3.0,247,575269.594966509,2978988.486252773,8816,9127,10644,10200,20729,16741,12745,0.3404248439975417,1.7674752175437423,1.6425940752602037
247,75.754763192343,26.9295459109774,3.0,248,574931.871189115,2978855.374326036,8785,9235,10812,10747,19519,17279,13610,0.2898301724707583,1.873627641686717,1.7200934833414812
248,75.7507336978224,26.9291514150103,3.0,249,574532.0740871459,2978809.2979639773,9112,9498,11155,11124,20357,17102,13739,0.2932880149931696,1.787699923838532,1.662644491310495
249,75.7538896655588,26.9284751362097,3.0,250,574845.8524524678,2978736.2541285367,9456,10011,11586,12085,20565,18791,14858,0.25972434915773274,1.7591054710584375,1.6201341599756032
250,75.7545659443595,26.9337022077731,3.0,251,574909.5418001723,2979315.6248508915,8694,9041,10354,10524,16817,15612,13035,0.23016714823890777,2.1741194656067053,1.9837491134478338
251,75.7586799737302,26.93225102618,3.0,252,575318.940363708,2979157.3295267806,8879,9221,10608,10324,19841,16481,12712,0.31549809381733696,1.8490919242011172,1.7118000110126046
252,75.7597366593562,26.9292077715771,3.0,253,575425.8723502158,2978820.876458338,8609,9018,10332,10435,18022,15135,12397,0.266612784200723,2.040135430627065,1.8894652712850923
253,75.7567074938949,26.9264603889494,1.0,254,575126.949719992,2978514.763360743,8137,8394,9203,8940,14588,11957,9900,0.24005440326419486,2.528309024420989,2.3697494820116694
254,75.7570456332952,26.9256432187319,1.0,255,575161.0634222069,2978424.4513409156,8040,8310,9156,8898,14144,11767,9826,0.22767120909643163,2.598626609442049,2.4375361815445085
255,75.7867375816705,26.9843530198326,4.0,256,578068.5713343803,2984945.409653165,9747,10723,12405,13158,13788,16759,17198,0.023380093520373995,2.4492421639369204,0.09725996006154419
256,75.7839480279883,26.9808992867022,4.0,257,577794.1265839793,2984561.1348948576,10921,11863,13297,13851,14185,18503,18722,0.011913254387216394,2.352376100720463,0.13209740577581947
257,75.7756856356534,26.98528287106,4.0,258,576971.2055650362,2985041.619001607,9075,10346,12292,13019,13785,16311,15429,0.02857782420534238,2.4559190090884595,0.08393141945773497
258,75.7704253344241,26.9812446600153,4.0,259,576451.9368389894,2984591.131053444,8720,9395,10569,11186,12794,13655,12850,0.06705587989991632,2.7098831485682378,0.032553215622518686
259,75.774410411113,26.9818557051075,5.0,260,576846.9887683834,2984661.2323950347,8519,9246,10634,11281,13110,13411,12735,0.07498667541306189,2.655828840970339,0.011349496625315746
260,75.7734274255297,26.9857876474406,5.0,261,576746.7730353752,2985096.155833247,8787,9554,10844,11509,12910,13586,13367,0.057373356812318047,2.671971036457007,0.025513285024154495
261,75.7743041424013,26.9800757041865,5.0,262,576837.6519669835,2984464.006114081,8437,9002,10161,10607,12182,12475,12196,0.06911229101759592,2.842724790762195,0.01188303524354134
262,75.7734539927076,26.9780034643083,5.0,263,576754.6905579327,2984233.9577621412,8559,9251,10476,11033,11957,12491,12213,0.04019138755980844,2.855391610573696,0.021842277486910908
263,75.7724178727685,26.9756389854729,5.0,264,576653.4679361649,2983971.4274295284,8435,9141,10140,10662,11983,12616,12224,0.058335173327445096,2.879039913212481,0.02573275336395778
264,75.772975783505,26.9885506339448,5.0,265,576700.0815075208,2985401.923483235,9173,9927,11165,11923,13442,13979,13662,0.059885669229252675,2.5707725443979252,0.019583530870500642
265,75.7726835445478,26.9903306348659,5.0,266,576669.8757136718,2985598.907762766,9311,9901,11271,11895,13050,13768,13426,0.046301864101022064,2.621479379959695,0.026773062868222737
266,75.7802286230787,26.9901446646204,4.0,267,577418.6941492199,2985582.9137142864,9130,9922,11105,11799,13244,15610,14485,0.057700754701912486,2.603679822579972,0.0819990295972826
267,75.7864453427133,26.9914995906946,4.0,268,578034.6400847769,2985736.8202681374,8356,8754,9786,10091,11356,13774,11634,0.058982608290203485,3.0255415760098243,0.09621965777954598
268,75.7805208620359,26.9757718213625,4.0,269,577457.5335483203,2983991.084699309,8790,9514,10883,11393,13800,13362,12368,0.09554241257492123,2.536928250212687,2.396657094470207
269,75.7845856402585,26.9747888357793,4.0,270,577861.6063321097,2983884.703741154,9099,9729,10628,11220,14026,14552,13420,0.11114632020914161,2.52040236878396,0.018405766673664992
270,75.7702659313565,26.9776315238173,4.0,271,576438.5591840226,2984190.8262196253,9211,10191,11364,12263,13615,13641,12479,0.05224515032073556,2.5335281636574623,0.0009539184032873461
271,75.8219105620114,27.0161966307404,2.0,272,581535.9791813601,2988494.8317964133,8055,8406,9415,8951,8455,8144,7935,3.7366425370561664,0.05372132064913233,3.9294535815410336
272,75.8228172790915,27.0149601983583,2.0,273,581626.8253194962,2988358.463386413,8006,8403,9425,8977,8452,8272,8033,3.730047621779771,0.054427476645969385,3.9079167663238232
273,75.8209626305185,27.0157432722003,2.0,274,581442.264602481,2988444.0025293385,8126,8545,9517,9276,9376,8797,8447,0.005361355350632611,0.007463081564600607,3.574368568755827
274,75.8213335602331,27.0171033478206,2.0,275,581478.0825295628,2988594.892500195,8291,8706,9652,9400,9837,10534,9855,0.022716639808701866,3.3532248960952162,0.0342153060723576
275,75.8226936358533,27.0162790595658,2.0,276,581613.6060434798,2988504.4686158434,7988,8368,9413,8958,8484,8242,8028,3.730191491801378,0.05190814102922249,3.9037426760731564
276,75.8432184133954,27.0106326850211,2.0,277,583653.9906300055,2987892.486896714,7834,8052,8517,8395,8399,8138,7895,0.00023818030248898275,0.006975644360368841,3.9472092882626604
277,75.8440427016502,27.0118691174032,2.0,278,583734.8537358531,2988029.989071657,7900,8070,8431,8345,8423,8237,7961,0.0046517175572518814,0.00047466476800759184,3.922569027611021
278,75.851429167903,26.9811387114138,2.0,279,584490.6369134855,2984631.0179050914,7904,8083,8645,8421,8411,8198,7950,3.8929420152091025,0.013719512195121871,3.932988138960781
279,75.8529209001697,26.9858204557584,2.0,280,584635.1708431023,2985150.5960054696,7530,7801,8515,8409,8625,8257,8155,0.012680521310320462,3.81715285880978,3.860206136713637
280,75.8521865088999,26.985522109305,2.0,281,584562.5172110205,2985117.0571901836,8076,8495,9621,10080,11941,11236,10678,0.08451024022523916,2.9318245060754897,2.7972127540233735
281,75.853471693622,26.9848565672168,2.0,282,584690.5500702072,2985044.199043264,7439,7798,8446,8305,8639,8495,8183,0.019711992445703378,3.8245829675153424,3.8165051943503925
282,75.8524160061717,26.9830664884969,2.0,283,584587.1275316657,2984845.2111047697,7851,8054,8631,8437,8396,8163,7935,3.8908691261212867,0.013801609208903427,3.943656017875452
283,75.8187355789181,26.9724345724357,1.0,284,581252.4411485142,2983645.4434974906,8416,8505,8820,8962,12646,12305,10458,0.17049241021843684,2.8747787198360064,2.612921325798555
284,75.8153936777878,26.9765128246624,1.0,285,580917.8567837485,2984095.02754628,8214,8351,8647,8771,13027,11939,10051,0.1952472703917782,2.8216296022884433,2.581430745814297
285,75.8238522749988,26.9673556379496,1.0,286,581763.918636967,2983086.1744457823,8041,8086,8242,8197,9719,9221,8459,0.08495199821388656,3.5665608819107875,3.4338965153114924
286,75.8324175980032,26.9736867981187,1.0,287,582609.4055674484,2983793.0220388486,8596,8693,9030,9191,13110,13130,11274,0.17573202995381296,2.7757904245709,0.0007621951219512166
287,75.8183510161166,26.9857327660326,1.0,288,581204.7299853492,2985118.178106367,8371,8609,9259,9553,13172,13940,11846,0.15925192519251857,2.747224822789877,0.028326940100324476
288,75.8262780401632,26.9854219023445,1.0,289,581991.5837360331,2985088.868340622,7911,8083,8480,8521,12012,11039,9512,0.17001899381483385,3.02576615264492,2.8008763177302383
289,75.8099576965378,26.9835567202159,1.0,290,580373.3765000522,2984871.776448962,8187,8484,9217,9302,13842,13920,11688,0.19616315243691587,2.641528253610293,0.0028095958504430417
290,75.8408109175819,26.9842561635141,1.0,291,583434.6020815193,2984969.265026283,8614,8780,9288,9725,13849,14362,12012,0.17493849155849592,2.635389203440366,0.018184396157527143
291,75.8268220516174,26.9608636709845,1.0,292,582063.3743283923,2982369.01419281,8769,8865,9168,9531,13767,14324,11865,0.18181818181818105,2.6569435360802154,0.019828414794774058
292,75.8326507457693,26.9494394304467,1.0,293,582650.2418191388,2981107.401975657,7796,8020,8429,8467,11232,10379,9124,0.14036245494695093,3.190732923045607,2.9930590902780856
293,75.8122114582766,26.9894631302898,1.0,294,580592.8209633022,2985527.440031012,8649,8853,9309,9881,16010,15612,12490,0.2367231856629708,2.3237489632291863,2.059895009803295
294,75.8059164685925,26.9769508668437,1.0,295,579977.0130120588,2984137.5105234096,9021,9247,9828,10559,14953,16028,13614,0.17223267481969204,2.4377950849441006,0.03469868629159797
295,75.8098022646938,26.9727542070544,1.0,296,580365.6246338135,2983675.132697913,9126,9267,9763,10383,15650,16663,13628,0.20232013213997543,2.3471845118639973,0.031349611611425646
296,75.8701875361076,26.9307098932386,1.0,297,586390.6460300253,2979057.905037468,8256,8501,9267,9251,13983,13575,11335,0.203667039683222,2.615913978494613,2.363306480876688
297,75.8698766724195,26.9360722918584,1.0,298,586355.6976760407,2979651.6627770443,8106,8378,8914,9040,12801,12462,10676,0.17219907513392166,2.839005295878412,2.580730712900279
298,75.8727521615344,26.9214616985176,1.0,299,586652.335677771,2978035.2767224587,8241,8534,9279,9453,13559,13692,11491,0.17842864592386504,2.6821963394342645,0.004880554842024128
299,75.874617343663,26.9339739619637,1.0,300,586827.9495958035,2979422.4854248497,8112,8291,8858,8884,12858,12124,10308,0.1827798730567557,2.833671025971621,2.5939476423024477
300,75.8634262508914,26.9457867821115,1.0,301,585707.9655839768,2980723.3072080505,8138,8419,9406,9218,15061,13214,10708,0.24066065323942404,2.447418972493553,2.2524845269672777
301,75.850059112303,26.870946349201,1.0,302,584436.6834936222,2972424.614108642,8060,8343,9122,9032,14243,12465,10232,0.2238882921589679,2.5857051144874705,2.387224801557577
302,75.8447744296053,26.876852759275,1.0,303,583907.3707608676,2973075.324493302,8096,8302,8826,8843,13106,12228,10290,0.19422297143377742,2.792996534743741,2.5522223099392023
303,75.8486602257065,26.8815934305185,1.0,304,584289.82826995,2973603.001539362,8344,8562,9352,9313,14714,13643,11123,0.22478877928996455,2.5003739715781497,2.27333638960397
304,75.8429092474766,26.861620438558,1.0,305,583733.322183085,2971386.8937464575,8292,8593,9390,9458,14933,14108,11571,0.2244680414907129,2.4665131768285065,2.2282634895492506
